,sentence,filename
0,b.“ doo m. b.,data\K - PRVOSTEPENI KRIVIČNI PREDMETI\presuda_text_10152.txt
1,a u odsustvu ovlašćenog predstavnika oštećene fabrike „k.“,data\K - PRVOSTEPENI KRIVIČNI PREDMETI\presuda_text_10152.txt
2,donio je i javno objavio dana 29.06.2011. godine,data\K - PRVOSTEPENI KRIVIČNI PREDMETI\presuda_text_10152.txt
3,p r e s u d u i prema optuženima: 1. a. š.,data\K - PRVOSTEPENI KRIVIČNI PREDMETI\presuda_text_10152.txt
4,od oca dž.,data\K - PRVOSTEPENI KRIVIČNI PREDMETI\presuda_text_10152.txt
5,i majke d.,data\K - PRVOSTEPENI KRIVIČNI PREDMETI\presuda_text_10152.txt
6,rođenom … godine u k.,data\K - PRVOSTEPENI KRIVIČNI PREDMETI\presuda_text_10152.txt
7,sa prebivalištem u naselju r.,data\K - PRVOSTEPENI KRIVIČNI PREDMETI\presuda_text_10152.txt
8,ocu troje djece,data\K - PRVOSTEPENI KRIVIČNI PREDMETI\presuda_text_10152.txt
9,školu nije učio,data\K - PRVOSTEPENI KRIVIČNI PREDMETI\presuda_text_10152.txt
10,srednjeg imovnog stanja,data\K - PRVOSTEPENI KRIVIČNI PREDMETI\presuda_text_10152.txt
11,neosuđivanom i 2. b. h.,data\K - PRVOSTEPENI KRIVIČNI PREDMETI\presuda_text_10152.txt
12,od oca r. i majke lj.,data\K - PRVOSTEPENI KRIVIČNI PREDMETI\presuda_text_10152.txt
13,rođenom … godine u p.,data\K - PRVOSTEPENI KRIVIČNI PREDMETI\presuda_text_10152.txt
14,sa prebivalištem u naselju r.,data\K - PRVOSTEPENI KRIVIČNI PREDMETI\presuda_text_10152.txt
15,školu nije učio,data\K - PRVOSTEPENI KRIVIČNI PREDMETI\presuda_text_10152.txt
16,srednjeg imovnog stanja,data\K - PRVOSTEPENI KRIVIČNI PREDMETI\presuda_text_10152.txt
17,neosuđivanom odbija se optužba da su: dana 07.12.2010. godine,data\K - PRVOSTEPENI KRIVIČNI PREDMETI\presuda_text_10152.txt
18,oko 22:10 časova,data\K - PRVOSTEPENI KRIVIČNI PREDMETI\presuda_text_10152.txt
19,u naselju r. u b.,data\K - PRVOSTEPENI KRIVIČNI PREDMETI\presuda_text_10152.txt
20,po prethodnom dogovoru,data\K - PRVOSTEPENI KRIVIČNI PREDMETI\presuda_text_10152.txt
21,"zajedno obili pomoćni objekat fabrike ""k.""",data\K - PRVOSTEPENI KRIVIČNI PREDMETI\presuda_text_10152.txt
22,na način što su upotrebom fizičke snage,data\K - PRVOSTEPENI KRIVIČNI PREDMETI\presuda_text_10152.txt
23,razvalili vrata pomoćnog objekta fabrike,data\K - PRVOSTEPENI KRIVIČNI PREDMETI\presuda_text_10152.txt
24,ušli u unutrašnjost istog i pokušali da oduzmu metalne djelove,data\K - PRVOSTEPENI KRIVIČNI PREDMETI\presuda_text_10152.txt
25,u namjeri da njihovim prisvajanjem sebi pribave protiv pravnu imovinsku korist,data\K - PRVOSTEPENI KRIVIČNI PREDMETI\presuda_text_10152.txt
26,u čemu su spriječeni od strane šefa obezbedjenja ž. v.,data\K - PRVOSTEPENI KRIVIČNI PREDMETI\presuda_text_10152.txt
27,- čime bi izvršili krivično djelo teška kradja u pokušaju iz čl 240 st. 1 tač 1 krivičnog zakonika,data\K - PRVOSTEPENI KRIVIČNI PREDMETI\presuda_text_10152.txt
28,u vezi sa čl 20 krivičnog zakonika.,data\K - PRVOSTEPENI KRIVIČNI PREDMETI\presuda_text_10152.txt
29,usled odustanka odt-a berane od optužbe,data\K - PRVOSTEPENI KRIVIČNI PREDMETI\presuda_text_10152.txt
30,na osnovu čl 362 tač 1 zkp-a.,data\K - PRVOSTEPENI KRIVIČNI PREDMETI\presuda_text_10152.txt
31,ii optuženi a. š. i b. h.,data\K - PRVOSTEPENI KRIVIČNI PREDMETI\presuda_text_10152.txt
32,oslobadjaju se od optužbe da su: u isto vrijeme i na istom mjestu,data\K - PRVOSTEPENI KRIVIČNI PREDMETI\presuda_text_10152.txt
33,kao pod stavom i izreke presude,data\K - PRVOSTEPENI KRIVIČNI PREDMETI\presuda_text_10152.txt
34,po prethodnom dogovoru,data\K - PRVOSTEPENI KRIVIČNI PREDMETI\presuda_text_10152.txt
35,"zajedno obili pomoćni objekat fabrike ""b.",data\K - PRVOSTEPENI KRIVIČNI PREDMETI\presuda_text_10152.txt
36,"na način što su sa prozora pomoćnog objekta fabrike ""b.",data\K - PRVOSTEPENI KRIVIČNI PREDMETI\presuda_text_10152.txt
37,upotrebom fizičke snage skinuli metalnu rešetku i napravili otvor dimenzija 0,data\K - PRVOSTEPENI KRIVIČNI PREDMETI\presuda_text_10152.txt
38,5 x 1,data\K - PRVOSTEPENI KRIVIČNI PREDMETI\presuda_text_10152.txt
39,"potom podesnim sredstvom - bonsekom prerezali katanac sa vrata pomoćnog objekta fabrike ""b.",data\K - PRVOSTEPENI KRIVIČNI PREDMETI\presuda_text_10152.txt
40,u kome su se nalazile metalne šipke i bakarni kablovi,data\K - PRVOSTEPENI KRIVIČNI PREDMETI\presuda_text_10152.txt
41,u namjeri da njihovim prisvajanjem sebi pribave protiv pravnu imovinsku korist,data\K - PRVOSTEPENI KRIVIČNI PREDMETI\presuda_text_10152.txt
42,"zatim su primijetivši stražara r. m. pobjegli u pravcu fabrike ""k.""",data\K - PRVOSTEPENI KRIVIČNI PREDMETI\presuda_text_10152.txt
43,- čime bi kao saizvršioci izvršili krivično djelo teška kradja u pokušaju iz čl 240 st. 1 tač1 krivičnog zakonika,data\K - PRVOSTEPENI KRIVIČNI PREDMETI\presuda_text_10152.txt
44,u vezi sa čl 20 krivičnog zakonika.,data\K - PRVOSTEPENI KRIVIČNI PREDMETI\presuda_text_10152.txt
45,- pošto nije dokazano da su izvršili krivično djelo,data\K - PRVOSTEPENI KRIVIČNI PREDMETI\presuda_text_10152.txt
46,koje im je optužnicom stavljeno na teret,data\K - PRVOSTEPENI KRIVIČNI PREDMETI\presuda_text_10152.txt
47,na osnovu čl 363 tač 3 zkp-a.,data\K - PRVOSTEPENI KRIVIČNI PREDMETI\presuda_text_10152.txt
48,troškovi krivičnog postupka,data\K - PRVOSTEPENI KRIVIČNI PREDMETI\presuda_text_10152.txt
49,padaju na teret budžetskih sredstava ovog suda na osnovu čl 203 st.1 zkp-a.,data\K - PRVOSTEPENI KRIVIČNI PREDMETI\presuda_text_10152.txt
50,ovlašćeni predstavnik oštećene fabrike „k.“,data\K - PRVOSTEPENI KRIVIČNI PREDMETI\presuda_text_10152.txt
51,nije pristupio na glavni pretres zakazan za 29.06.2011. godine,data\K - PRVOSTEPENI KRIVIČNI PREDMETI\presuda_text_10152.txt
52,iako je uredno pozvan i upozoren na posledice nedolaska,data\K - PRVOSTEPENI KRIVIČNI PREDMETI\presuda_text_10152.txt
53,te obzirom da je odt berane odustao od krivičnog gonjenja optuženih,data\K - PRVOSTEPENI KRIVIČNI PREDMETI\presuda_text_10152.txt
54,smatra se da oštećeni nije voljan da produži gonjenje u smislu čl 293 st. 4 zkp-a.,data\K - PRVOSTEPENI KRIVIČNI PREDMETI\presuda_text_10152.txt
55,optuženi a. š.,data\K - PRVOSTEPENI KRIVIČNI PREDMETI\presuda_text_10152.txt
56,u svojoj odbrani,data\K - PRVOSTEPENI KRIVIČNI PREDMETI\presuda_text_10152.txt
57,datoj tokom postupka,data\K - PRVOSTEPENI KRIVIČNI PREDMETI\presuda_text_10152.txt
58,negirao je izvršenje krivičnog djela i krivicu i istakao da je bio u potpuno pijanom stanju,data\K - PRVOSTEPENI KRIVIČNI PREDMETI\presuda_text_10152.txt
59,sjeća se samo da je prolazio nekim putem i da su ušli u fabriku papira b.,data\K - PRVOSTEPENI KRIVIČNI PREDMETI\presuda_text_10152.txt
60,a nije mogao da se sjeti kako su ušli u fabriku.,data\K - PRVOSTEPENI KRIVIČNI PREDMETI\presuda_text_10152.txt
61,nijesu imali nikakvu alatku u rukama.,data\K - PRVOSTEPENI KRIVIČNI PREDMETI\presuda_text_10152.txt
62,ni on ni optuženi b. h. nijesu rezali nikakav katanac i on je spavao kada je došla policija.,data\K - PRVOSTEPENI KRIVIČNI PREDMETI\presuda_text_10152.txt
63,ništa nijesu uzeli iz fabrike.,data\K - PRVOSTEPENI KRIVIČNI PREDMETI\presuda_text_10152.txt
64,kad je došla policija mislio je da je kući,data\K - PRVOSTEPENI KRIVIČNI PREDMETI\presuda_text_10152.txt
65,a te večeri nije primijetio radnika obezbeđenja.,data\K - PRVOSTEPENI KRIVIČNI PREDMETI\presuda_text_10152.txt
66,na pretresu je dodao da nijesu imali bonsek i da nijesu rezali katanac,data\K - PRVOSTEPENI KRIVIČNI PREDMETI\presuda_text_10152.txt
67,niti su razbijali vrata.,data\K - PRVOSTEPENI KRIVIČNI PREDMETI\presuda_text_10152.txt
68,ne zna tačno gdje je nađen bonsek.,data\K - PRVOSTEPENI KRIVIČNI PREDMETI\presuda_text_10152.txt
69,njima je rečeno da li je to njihov bonsek,data\K - PRVOSTEPENI KRIVIČNI PREDMETI\presuda_text_10152.txt
70,a oni su kazali da nije.,data\K - PRVOSTEPENI KRIVIČNI PREDMETI\presuda_text_10152.txt
71,optuženi b. h. u svojoj odbrani,data\K - PRVOSTEPENI KRIVIČNI PREDMETI\presuda_text_10152.txt
72,datoj tokom postupka,data\K - PRVOSTEPENI KRIVIČNI PREDMETI\presuda_text_10152.txt
73,negirao je izvršenje krivičnog djela i krivicu.,data\K - PRVOSTEPENI KRIVIČNI PREDMETI\presuda_text_10152.txt
74,istakao je da je predmetnog dana šetao sa optuženim a. š. i ušli su u krug fabrike „b.“,data\K - PRVOSTEPENI KRIVIČNI PREDMETI\presuda_text_10152.txt
75,kada je stražar pozvao policiju.,data\K - PRVOSTEPENI KRIVIČNI PREDMETI\presuda_text_10152.txt
76,iz fabrike nijesu ništa oduzeli,data\K - PRVOSTEPENI KRIVIČNI PREDMETI\presuda_text_10152.txt
77,niti pravili bilo kakav otvor na prozoru,data\K - PRVOSTEPENI KRIVIČNI PREDMETI\presuda_text_10152.txt
78,niti su bonsekom rezali katanac.,data\K - PRVOSTEPENI KRIVIČNI PREDMETI\presuda_text_10152.txt
79,odmah nakon što su ušli u krug fabrike,data\K - PRVOSTEPENI KRIVIČNI PREDMETI\presuda_text_10152.txt
80,stražar ih je primijetio.,data\K - PRVOSTEPENI KRIVIČNI PREDMETI\presuda_text_10152.txt
81,na pretresu je dodao da su toga dana bili pijani,data\K - PRVOSTEPENI KRIVIČNI PREDMETI\presuda_text_10152.txt
82,a u upravi policije nijesu alkotestirani.,data\K - PRVOSTEPENI KRIVIČNI PREDMETI\presuda_text_10152.txt
83,b. koji su im oduzeli nije bio njihov i isti nijesu koristili.,data\K - PRVOSTEPENI KRIVIČNI PREDMETI\presuda_text_10152.txt
84,u krug fabrike su došli,data\K - PRVOSTEPENI KRIVIČNI PREDMETI\presuda_text_10152.txt
85,jer su bili pijani i čim su tamo ušli,data\K - PRVOSTEPENI KRIVIČNI PREDMETI\presuda_text_10152.txt
86,stražar je zvao policiju.,data\K - PRVOSTEPENI KRIVIČNI PREDMETI\presuda_text_10152.txt
87,nije mu poznato ko je polomio vrata pomoćnog objekta fabrike „k.“,data\K - PRVOSTEPENI KRIVIČNI PREDMETI\presuda_text_10152.txt
88,niti ko je rezao katanac na pomoćnim objektima fabrike „b.“.,data\K - PRVOSTEPENI KRIVIČNI PREDMETI\presuda_text_10152.txt
89,u završnoj riječi je istakao da nije i kriv i da nije izvršio krivično djelo za koje ga tereti ponomoćnik oštećene fabrike papira „n.,data\K - PRVOSTEPENI KRIVIČNI PREDMETI\presuda_text_10152.txt
90,sud je prihvatio odbrane optuženih,data\K - PRVOSTEPENI KRIVIČNI PREDMETI\presuda_text_10152.txt
91,obzirom da izvedenim dokazima nije utvrđeno da su dva lica koja je svjedok r. m. primijetio u objektu fabrike „b.“,data\K - PRVOSTEPENI KRIVIČNI PREDMETI\presuda_text_10152.txt
92,isti je čak naveo da optuženi ne liče na ta lica,data\K - PRVOSTEPENI KRIVIČNI PREDMETI\presuda_text_10152.txt
93,koja su iz fabrike pobjegla trčećim korakom,data\K - PRVOSTEPENI KRIVIČNI PREDMETI\presuda_text_10152.txt
94,a na osnovu iskaza svjedoka n. s.,data\K - PRVOSTEPENI KRIVIČNI PREDMETI\presuda_text_10152.txt
95,v. b. i m. š.,data\K - PRVOSTEPENI KRIVIČNI PREDMETI\presuda_text_10152.txt
96,utvrđeno je da su optuženi bili u pijanom stanju i da optuženi a. š.,data\K - PRVOSTEPENI KRIVIČNI PREDMETI\presuda_text_10152.txt
97,čak nije mogao ni da hoda.,data\K - PRVOSTEPENI KRIVIČNI PREDMETI\presuda_text_10152.txt
98,kako nije dokazano da su optuženi a. š. i b. h.,data\K - PRVOSTEPENI KRIVIČNI PREDMETI\presuda_text_10152.txt
99,"zajedno obili pomoćni objekat fabrike ""b.“",data\K - PRVOSTEPENI KRIVIČNI PREDMETI\presuda_text_10152.txt
100,u namjeri pribavljanja protiv pravne imovinske koristi,data\K - PRVOSTEPENI KRIVIČNI PREDMETI\presuda_text_10152.txt
101,to ih je oslobodio od optužbe.,data\K - PRVOSTEPENI KRIVIČNI PREDMETI\presuda_text_10152.txt
102,pravnog sledbenika fabrike „b.“,data\K - PRVOSTEPENI KRIVIČNI PREDMETI\presuda_text_10152.txt
103,vlasnik r. g.,data\K - PRVOSTEPENI KRIVIČNI PREDMETI\presuda_text_10152.txt
104,u svojoj izjavi datoj tokom postupka je istakao,data\K - PRVOSTEPENI KRIVIČNI PREDMETI\presuda_text_10152.txt
105,da mu nijesu poznate neposredne činjenice u vezi krivičnog djela,data\K - PRVOSTEPENI KRIVIČNI PREDMETI\presuda_text_10152.txt
106,koje se stavljaju na treret optuženima,data\K - PRVOSTEPENI KRIVIČNI PREDMETI\presuda_text_10152.txt
107,jer iste ne poznaje i nije bio prisutan predmetnog dana,data\K - PRVOSTEPENI KRIVIČNI PREDMETI\presuda_text_10152.txt
108,a sjutradan je saznao da je pokušana krađa.,data\K - PRVOSTEPENI KRIVIČNI PREDMETI\presuda_text_10152.txt
109,prije izvjesnog vremena iz kruga fabrike su nestale izvjesne količine kablova i bakarnih šina,data\K - PRVOSTEPENI KRIVIČNI PREDMETI\presuda_text_10152.txt
110,a on nema saznanja ko je izvršilac te krađe,data\K - PRVOSTEPENI KRIVIČNI PREDMETI\presuda_text_10152.txt
111,te da li se radi o optuženima.,data\K - PRVOSTEPENI KRIVIČNI PREDMETI\presuda_text_10152.txt
112,nije mogao da se izjasni da li je predmetne večeri nešto otuđeno iz fabrike i u kojim količinama.,data\K - PRVOSTEPENI KRIVIČNI PREDMETI\presuda_text_10152.txt
113,svjedok r. m.,data\K - PRVOSTEPENI KRIVIČNI PREDMETI\presuda_text_10152.txt
114,u svojoj izjavi datoj tokom postupka je istakao da je radnik obezbjeđenja opštine berane,data\K - PRVOSTEPENI KRIVIČNI PREDMETI\presuda_text_10152.txt
115,koji radi na obezbjeđenju fabrike,data\K - PRVOSTEPENI KRIVIČNI PREDMETI\presuda_text_10152.txt
116,čija je polovina pripala opštini,data\K - PRVOSTEPENI KRIVIČNI PREDMETI\presuda_text_10152.txt
117,a druga polovina je „b.“,data\K - PRVOSTEPENI KRIVIČNI PREDMETI\presuda_text_10152.txt
118,vlasništvo r. g. i da je predmetne večeri prilikom obilaska pogona,data\K - PRVOSTEPENI KRIVIČNI PREDMETI\presuda_text_10152.txt
119,čuo sa udaljenosti od 50 metara,data\K - PRVOSTEPENI KRIVIČNI PREDMETI\presuda_text_10152.txt
120,da neko kucanjem pokušava da odvali metalne djelove ograde od pogona papira.,data\K - PRVOSTEPENI KRIVIČNI PREDMETI\presuda_text_10152.txt
121,sa udaljenosti od 10 metara pozvao je policiju,data\K - PRVOSTEPENI KRIVIČNI PREDMETI\presuda_text_10152.txt
122,koji su nakon 20 minuta došli.,data\K - PRVOSTEPENI KRIVIČNI PREDMETI\presuda_text_10152.txt
123,nejasno je vidio siluete dva lica,data\K - PRVOSTEPENI KRIVIČNI PREDMETI\presuda_text_10152.txt
124,a nakon toga još jednog lica.,data\K - PRVOSTEPENI KRIVIČNI PREDMETI\presuda_text_10152.txt
125,nije prepoznao lica koja su pokušalavala da uđu u pogon,data\K - PRVOSTEPENI KRIVIČNI PREDMETI\presuda_text_10152.txt
126,a po odjeći i po pokretima,data\K - PRVOSTEPENI KRIVIČNI PREDMETI\presuda_text_10152.txt
127,zaključio je da se radi o licima romske nacionalnosti.,data\K - PRVOSTEPENI KRIVIČNI PREDMETI\presuda_text_10152.txt
128,optužene š. i h. ne poznaje i nikada ih nije vidio i ne može sa sigurnošću da tvrdi da su oni te večeri pokušali da vrše obijanje.,data\K - PRVOSTEPENI KRIVIČNI PREDMETI\presuda_text_10152.txt
129,vidio je da su na nekom otvoru gdje se nalaze metalne šipke pokušali ulazak u fabriku,data\K - PRVOSTEPENI KRIVIČNI PREDMETI\presuda_text_10152.txt
130,gdje postoje mnoge vrijedne stvari.,data\K - PRVOSTEPENI KRIVIČNI PREDMETI\presuda_text_10152.txt
131,na pretresu je dodao,data\K - PRVOSTEPENI KRIVIČNI PREDMETI\presuda_text_10152.txt
132,da nakon što su ova dva lica iz kruga njegove fabrike pobjegli u pravcu fabrike „k.“,data\K - PRVOSTEPENI KRIVIČNI PREDMETI\presuda_text_10152.txt
133,pošao je za njima,data\K - PRVOSTEPENI KRIVIČNI PREDMETI\presuda_text_10152.txt
134,ali nije mogao da ih stigne i nije mu poznato,data\K - PRVOSTEPENI KRIVIČNI PREDMETI\presuda_text_10152.txt
135,da li su bili u alkoholisanom stanju,data\K - PRVOSTEPENI KRIVIČNI PREDMETI\presuda_text_10152.txt
136,a kako su bježali,data\K - PRVOSTEPENI KRIVIČNI PREDMETI\presuda_text_10152.txt
137,misli da nijesu.,data\K - PRVOSTEPENI KRIVIČNI PREDMETI\presuda_text_10152.txt
138,obzirom da je na pretresu vidio optužene nije mogao da kaže da su to ta lica,data\K - PRVOSTEPENI KRIVIČNI PREDMETI\presuda_text_10152.txt
139,jedno lice je bilo visoko i mršavo,data\K - PRVOSTEPENI KRIVIČNI PREDMETI\presuda_text_10152.txt
140,dok je optuženi h. nešto krupniji od tog lica,data\K - PRVOSTEPENI KRIVIČNI PREDMETI\presuda_text_10152.txt
141,takođe ni optuženi š. ne liči na drugo lice.,data\K - PRVOSTEPENI KRIVIČNI PREDMETI\presuda_text_10152.txt
142,čuo je kako su počinioci lupali štemajzima i lomili gvožđe,data\K - PRVOSTEPENI KRIVIČNI PREDMETI\presuda_text_10152.txt
143,a dok su bježali sa lica mjesta u rukama nijesu imali ništa.,data\K - PRVOSTEPENI KRIVIČNI PREDMETI\presuda_text_10152.txt
144,svjedok n. a.,data\K - PRVOSTEPENI KRIVIČNI PREDMETI\presuda_text_10152.txt
145,u svojoj izjavi datoj tokom postupka je istakao da radi kao radnik obezbeđenja u fabrici „n.,data\K - PRVOSTEPENI KRIVIČNI PREDMETI\presuda_text_10152.txt
146,a predmetnog dana je dobio informaciju od kolega koji su angažovani kao čuvari dijela fabrike koja pripada opštini,data\K - PRVOSTEPENI KRIVIČNI PREDMETI\presuda_text_10152.txt
147,da se neko od nepoznatih lica kreće u krugu fabrike,data\K - PRVOSTEPENI KRIVIČNI PREDMETI\presuda_text_10152.txt
148,a obzirom da je bio mrak,data\K - PRVOSTEPENI KRIVIČNI PREDMETI\presuda_text_10152.txt
149,pozvao je svoje kolege da sa njima vidi o čemu se radi.,data\K - PRVOSTEPENI KRIVIČNI PREDMETI\presuda_text_10152.txt
150,obišli su teren i došli na lice mjesta,data\K - PRVOSTEPENI KRIVIČNI PREDMETI\presuda_text_10152.txt
151,gdje su videli da je prozor koji je bio zaštićen metalnom rešetkom provaljen,data\K - PRVOSTEPENI KRIVIČNI PREDMETI\presuda_text_10152.txt
152,na način što je metalna rešetka sklonjena sa istog.,data\K - PRVOSTEPENI KRIVIČNI PREDMETI\presuda_text_10152.txt
153,nije vidio nikog da se kreće u krugu fabrike.,data\K - PRVOSTEPENI KRIVIČNI PREDMETI\presuda_text_10152.txt
154,nije mu poznato da li je išta nestalo iz objekta.,data\K - PRVOSTEPENI KRIVIČNI PREDMETI\presuda_text_10152.txt
155,sud je prihvatio iskaze prednjih svjedoka,data\K - PRVOSTEPENI KRIVIČNI PREDMETI\presuda_text_10152.txt
156,ali na osnovu istih nije mogao zaključiti da su optuženi izvršili krivično djelo bliže opisano pod stavom ii izreke presude,data\K - PRVOSTEPENI KRIVIČNI PREDMETI\presuda_text_10152.txt
157,posebno vodeći računa da je svjedok r. m. istakao,data\K - PRVOSTEPENI KRIVIČNI PREDMETI\presuda_text_10152.txt
158,da optuženi ne liče na lica koja su te večeri pobjegla sa lica mjesta,data\K - PRVOSTEPENI KRIVIČNI PREDMETI\presuda_text_10152.txt
159,te da su ova lica pobjegla trčećim korakom i on nije mogao da ih stigne,data\K - PRVOSTEPENI KRIVIČNI PREDMETI\presuda_text_10152.txt
160,a na osnovu iskaza policajaca up pj berane je utvrđeno da su optuženi bili u alkoholisanom stanju,data\K - PRVOSTEPENI KRIVIČNI PREDMETI\presuda_text_10152.txt
161,te da optuženi a. š. čak nije mogao ni da hoda,data\K - PRVOSTEPENI KRIVIČNI PREDMETI\presuda_text_10152.txt
162,a ne da trči.,data\K - PRVOSTEPENI KRIVIČNI PREDMETI\presuda_text_10152.txt
163,tako je svjedok n. s.,data\K - PRVOSTEPENI KRIVIČNI PREDMETI\presuda_text_10152.txt
164,u izjavi datoj na glavnom pretresu istakao,data\K - PRVOSTEPENI KRIVIČNI PREDMETI\presuda_text_10152.txt
165,da je predmetne večeri,data\K - PRVOSTEPENI KRIVIČNI PREDMETI\presuda_text_10152.txt
166,kao radnik up pj b.,data\K - PRVOSTEPENI KRIVIČNI PREDMETI\presuda_text_10152.txt
167,kada je primio smjenu imao poziv iz fabrike “k.“ i obaviješteni su da je jedno lice zatečeno u ovoj fabrici.,data\K - PRVOSTEPENI KRIVIČNI PREDMETI\presuda_text_10152.txt
168,izašli su na lice mjesta i zatekli optuženog š.,data\K - PRVOSTEPENI KRIVIČNI PREDMETI\presuda_text_10152.txt
169,kako leži između mašina,data\K - PRVOSTEPENI KRIVIČNI PREDMETI\presuda_text_10152.txt
170,bio je u pripitom stanju i pored njega se nalazio bonsek.,data\K - PRVOSTEPENI KRIVIČNI PREDMETI\presuda_text_10152.txt
171,nakon nekog vremena u fabrici na mašinama našli su drugo lice,data\K - PRVOSTEPENI KRIVIČNI PREDMETI\presuda_text_10152.txt
172,koji se gore krio.,data\K - PRVOSTEPENI KRIVIČNI PREDMETI\presuda_text_10152.txt
173,isti kod sebe nije imao ništa.,data\K - PRVOSTEPENI KRIVIČNI PREDMETI\presuda_text_10152.txt
174,optuženi š. je bio u vidno alkoholisanom stanju,data\K - PRVOSTEPENI KRIVIČNI PREDMETI\presuda_text_10152.txt
175,nije mogao da ustane i morali su da ga izvuku sa mjesta,data\K - PRVOSTEPENI KRIVIČNI PREDMETI\presuda_text_10152.txt
176,gdje se nalazio,data\K - PRVOSTEPENI KRIVIČNI PREDMETI\presuda_text_10152.txt
177,a to je bilo između mašina,data\K - PRVOSTEPENI KRIVIČNI PREDMETI\presuda_text_10152.txt
178,jer nije mogao da hoda,data\K - PRVOSTEPENI KRIVIČNI PREDMETI\presuda_text_10152.txt
179,a optuženi h. nije bio u alkoholisanom stanju,data\K - PRVOSTEPENI KRIVIČNI PREDMETI\presuda_text_10152.txt
180,već se krio.,data\K - PRVOSTEPENI KRIVIČNI PREDMETI\presuda_text_10152.txt
181,u objekat „k.“ optuženi su ušli kroz vrata koja su inače otvorena,data\K - PRVOSTEPENI KRIVIČNI PREDMETI\presuda_text_10152.txt
182,a morali su predhodno da preskoče ogradu.,data\K - PRVOSTEPENI KRIVIČNI PREDMETI\presuda_text_10152.txt
183,svjedok m. d.,data\K - PRVOSTEPENI KRIVIČNI PREDMETI\presuda_text_10152.txt
184,radnik up pj b.,data\K - PRVOSTEPENI KRIVIČNI PREDMETI\presuda_text_10152.txt
185,u izjavi datoj na glavnom pretresu je istakao,data\K - PRVOSTEPENI KRIVIČNI PREDMETI\presuda_text_10152.txt
186,da je predmetne večeri sa kolegom po obavješenju iz dežurne službe izašao na lice mjesta u krug fabrike “k.“ i u jednom od objekata se nalazio šef obezbeđenja „k.“ ž. v.,data\K - PRVOSTEPENI KRIVIČNI PREDMETI\presuda_text_10152.txt
187,gdje su zatekli optuženog š. kako leži pored jedne od mašina i pored njega se nalazio bonsek.,data\K - PRVOSTEPENI KRIVIČNI PREDMETI\presuda_text_10152.txt
188,bio je u alkoholisanom stanju.,data\K - PRVOSTEPENI KRIVIČNI PREDMETI\presuda_text_10152.txt
189,malo su pretraživali sijalicama i na mašinama zatekli optuženog h.. objekat gdje su pronašli optužene je poluotvoren,data\K - PRVOSTEPENI KRIVIČNI PREDMETI\presuda_text_10152.txt
190,nedostaju prozori i neka vrata.,data\K - PRVOSTEPENI KRIVIČNI PREDMETI\presuda_text_10152.txt
191,šef obezbeđenja v. im nije pokazao da su neka vrata nasilno obijena,data\K - PRVOSTEPENI KRIVIČNI PREDMETI\presuda_text_10152.txt
192,da bi se ušlo u objekat.,data\K - PRVOSTEPENI KRIVIČNI PREDMETI\presuda_text_10152.txt
193,svjedok ž. v.,data\K - PRVOSTEPENI KRIVIČNI PREDMETI\presuda_text_10152.txt
194,u svojoj izjavi datoj tokom postupka je istakao je predmetnog dana nakon što su izvršili obilazak f. k.,data\K - PRVOSTEPENI KRIVIČNI PREDMETI\presuda_text_10152.txt
195,u pomoćnoj zgradi u blizini magacina,data\K - PRVOSTEPENI KRIVIČNI PREDMETI\presuda_text_10152.txt
196,gdje se nalaze stare mašine bivše fabrike p.,data\K - PRVOSTEPENI KRIVIČNI PREDMETI\presuda_text_10152.txt
197,on i stražar čuli neku lupnjavu,data\K - PRVOSTEPENI KRIVIČNI PREDMETI\presuda_text_10152.txt
198,ušli su u objekat i na jednoj strani mašine zatekli optuženog a. š.,data\K - PRVOSTEPENI KRIVIČNI PREDMETI\presuda_text_10152.txt
199,koga nije poznavao.,data\K - PRVOSTEPENI KRIVIČNI PREDMETI\presuda_text_10152.txt
200,u istoj prostoriji su čuli lupnjavu i zaključili da se nalazi još neko lice i pozvali su policiju,data\K - PRVOSTEPENI KRIVIČNI PREDMETI\presuda_text_10152.txt
201,koja je ubrzo došla i pronašli su optuženog b. h.. pored optuženog a. š. pronašli su bonsek za rezanje metala.,data\K - PRVOSTEPENI KRIVIČNI PREDMETI\presuda_text_10152.txt
202,smatra da on bio u pijanom stanju,data\K - PRVOSTEPENI KRIVIČNI PREDMETI\presuda_text_10152.txt
203,jer je bio gotovo nesvjestan,data\K - PRVOSTEPENI KRIVIČNI PREDMETI\presuda_text_10152.txt
204,kada su ga pronašli.,data\K - PRVOSTEPENI KRIVIČNI PREDMETI\presuda_text_10152.txt
205,na pretresu je dodao da objekat u kojem su pronašli optužene je objekat bez vrata,data\K - PRVOSTEPENI KRIVIČNI PREDMETI\presuda_text_10152.txt
206,gdje se nalaze stare mašine.,data\K - PRVOSTEPENI KRIVIČNI PREDMETI\presuda_text_10152.txt
207,obzirom da je ova lica zatekao u njihovom objektu,data\K - PRVOSTEPENI KRIVIČNI PREDMETI\presuda_text_10152.txt
208,ne zna da li su to ista lica zbog kojih je policija izašla kod fabrike b. radi vršenja uviđaja.,data\K - PRVOSTEPENI KRIVIČNI PREDMETI\presuda_text_10152.txt
209,štete za fabriku k. nije bilo,data\K - PRVOSTEPENI KRIVIČNI PREDMETI\presuda_text_10152.txt
210,obzirom da ova lica nijesu ništa odnijela.,data\K - PRVOSTEPENI KRIVIČNI PREDMETI\presuda_text_10152.txt
211,sud je prihvatio iskaze prednjih svjedoka,data\K - PRVOSTEPENI KRIVIČNI PREDMETI\presuda_text_10152.txt
212,na osnovu kojih je utvrđeno da su u jednom od objekata fabrike “k.“,data\K - PRVOSTEPENI KRIVIČNI PREDMETI\presuda_text_10152.txt
213,zatečeni optuženi a. š. kako leži pored jedne od mašina,data\K - PRVOSTEPENI KRIVIČNI PREDMETI\presuda_text_10152.txt
214,koji je bio u vidno alkoholisanom stanju i nije mogao da hoda,data\K - PRVOSTEPENI KRIVIČNI PREDMETI\presuda_text_10152.txt
215,a pored njega se nalazio bonsek,data\K - PRVOSTEPENI KRIVIČNI PREDMETI\presuda_text_10152.txt
216,a na mašinama optuženi b. h.. na osnovu prednjeg,data\K - PRVOSTEPENI KRIVIČNI PREDMETI\presuda_text_10152.txt
217,sud nije mogao da zaključi da su ova lica predhodno bila u fabrici „b.“,data\K - PRVOSTEPENI KRIVIČNI PREDMETI\presuda_text_10152.txt
218,odakle su pobjegli trčećim korakom,data\K - PRVOSTEPENI KRIVIČNI PREDMETI\presuda_text_10152.txt
219,kako je to opisao svjedok r. m.. svjedok v. b.,data\K - PRVOSTEPENI KRIVIČNI PREDMETI\presuda_text_10152.txt
220,radnik up pj b.,data\K - PRVOSTEPENI KRIVIČNI PREDMETI\presuda_text_10152.txt
221,u izjavi datoj tokom postupka je istakao,data\K - PRVOSTEPENI KRIVIČNI PREDMETI\presuda_text_10152.txt
222,da predmetnog dana,data\K - PRVOSTEPENI KRIVIČNI PREDMETI\presuda_text_10152.txt
223,postupajući po naredbi dežurnog starješine,data\K - PRVOSTEPENI KRIVIČNI PREDMETI\presuda_text_10152.txt
224,nakon obilaska kruga fabrike „b.“,data\K - PRVOSTEPENI KRIVIČNI PREDMETI\presuda_text_10152.txt
225,a zatekli su radnika obezbeđenja r. m.,data\K - PRVOSTEPENI KRIVIČNI PREDMETI\presuda_text_10152.txt
226,koji je u rukama držao sjekiru.,data\K - PRVOSTEPENI KRIVIČNI PREDMETI\presuda_text_10152.txt
227,u krugu fabrike „k.“,data\K - PRVOSTEPENI KRIVIČNI PREDMETI\presuda_text_10152.txt
228,u prisustvu policajaca m. d. i n. s.,data\K - PRVOSTEPENI KRIVIČNI PREDMETI\presuda_text_10152.txt
229,zatekli su dva lica romske nacionalnosti,data\K - PRVOSTEPENI KRIVIČNI PREDMETI\presuda_text_10152.txt
230,koja su lišena slobode,data\K - PRVOSTEPENI KRIVIČNI PREDMETI\presuda_text_10152.txt
231,a tu je bio i prisutan radnik obezbeđenja k. ž. v.. na pretresu je dodao da je kod ova dva lica pronađen bonsek i optuženi b. h. je bio u vidno alkoholisanom stanju,data\K - PRVOSTEPENI KRIVIČNI PREDMETI\presuda_text_10152.txt
232,a za optuženog š. nije primijetio.,data\K - PRVOSTEPENI KRIVIČNI PREDMETI\presuda_text_10152.txt
233,u krugu fabrike b.,data\K - PRVOSTEPENI KRIVIČNI PREDMETI\presuda_text_10152.txt
234,radnik obezbeđenja im je pokazao vrata i kazao da se tu nalazio katanac koga sada nema.,data\K - PRVOSTEPENI KRIVIČNI PREDMETI\presuda_text_10152.txt
235,ta vrata su velika,data\K - PRVOSTEPENI KRIVIČNI PREDMETI\presuda_text_10152.txt
236,visoka preko 3 metra otprilike i ista nijesu mogla da se otvore,data\K - PRVOSTEPENI KRIVIČNI PREDMETI\presuda_text_10152.txt
237,a iz kojeg razloga,data\K - PRVOSTEPENI KRIVIČNI PREDMETI\presuda_text_10152.txt
238,da li su bila zaključana na neki drugi način,data\K - PRVOSTEPENI KRIVIČNI PREDMETI\presuda_text_10152.txt
239,nije mu poznato.,data\K - PRVOSTEPENI KRIVIČNI PREDMETI\presuda_text_10152.txt
240,tom prilikom im je radnik m.,data\K - PRVOSTEPENI KRIVIČNI PREDMETI\presuda_text_10152.txt
241,za koje je kazao da sumnja da je tuda neko pokušao da uđe u objekat.,data\K - PRVOSTEPENI KRIVIČNI PREDMETI\presuda_text_10152.txt
242,svjedok m. š.,data\K - PRVOSTEPENI KRIVIČNI PREDMETI\presuda_text_10152.txt
243,takođe radnik up pj b.,data\K - PRVOSTEPENI KRIVIČNI PREDMETI\presuda_text_10152.txt
244,u izjavi datoj tokom postupka je istakao da je predmetnog dana sa kolegom v. b.,data\K - PRVOSTEPENI KRIVIČNI PREDMETI\presuda_text_10152.txt
245,postupajući po prijavi da se u krugu fabrike c. papira b. dešava krađa,data\K - PRVOSTEPENI KRIVIČNI PREDMETI\presuda_text_10152.txt
246,pošao na lice mjesta,data\K - PRVOSTEPENI KRIVIČNI PREDMETI\presuda_text_10152.txt
247,obišli krug fabrike i nijesu zatekli izvršioce djela.,data\K - PRVOSTEPENI KRIVIČNI PREDMETI\presuda_text_10152.txt
248,nakon toga su pošli u krug fabrike k.,data\K - PRVOSTEPENI KRIVIČNI PREDMETI\presuda_text_10152.txt
249,gdje su zatekli šefa obezbeđenja ž. v. i dvojicu kolega iz saobraćajne policije,data\K - PRVOSTEPENI KRIVIČNI PREDMETI\presuda_text_10152.txt
250,kao i dva lica romske nacionalnosti,data\K - PRVOSTEPENI KRIVIČNI PREDMETI\presuda_text_10152.txt
251,za koje su utvrdili da se radi o a. š. i b. h.,data\K - PRVOSTEPENI KRIVIČNI PREDMETI\presuda_text_10152.txt
252,a po njegovom zaključku,data\K - PRVOSTEPENI KRIVIČNI PREDMETI\presuda_text_10152.txt
253,oba ova lica su se nalazila u pijanom stanju.,data\K - PRVOSTEPENI KRIVIČNI PREDMETI\presuda_text_10152.txt
254,pored ovih lica su pronašli bonsek za rezanje metala.,data\K - PRVOSTEPENI KRIVIČNI PREDMETI\presuda_text_10152.txt
255,sud je prihvatio iskaze prednjih svjedoka,data\K - PRVOSTEPENI KRIVIČNI PREDMETI\presuda_text_10152.txt
256,na osnovu kojih je utvrđeno da su optuženi nađeni u objektu „k.“ u alkoholisanom stanju,data\K - PRVOSTEPENI KRIVIČNI PREDMETI\presuda_text_10152.txt
257,te da osnovu toga sud nije mogao zaključiti da su to lica koja su predhodno pokušala da obiju pomoćni objekat fabrike „b.“.,data\K - PRVOSTEPENI KRIVIČNI PREDMETI\presuda_text_10152.txt
258,iz potvrde o privremeno oduzetim predmetima up pj b. br … od 07.12.2010. godine utvrđeno je da je od optuženog a. š. oduzet metalni bonsek sa plavom drškom dužine 0,data\K - PRVOSTEPENI KRIVIČNI PREDMETI\presuda_text_10152.txt
259,iz fotodokumentaciju up pj b. br … od 07.12.2010.godine utvrđeno je sa objektu fabrike b. skinuta metalna rešetka i napravljen otvor.,data\K - PRVOSTEPENI KRIVIČNI PREDMETI\presuda_text_10152.txt
260,na osnovu ovako utvrđenog činjeničnog stanja,data\K - PRVOSTEPENI KRIVIČNI PREDMETI\presuda_text_10152.txt
261,sud nije mogao izvesti zaključak,data\K - PRVOSTEPENI KRIVIČNI PREDMETI\presuda_text_10152.txt
262,da je dokazano da su optuženi a. š. i b. h.,data\K - PRVOSTEPENI KRIVIČNI PREDMETI\presuda_text_10152.txt
263,izvršili krivično djela teška krađu u pokušaju iz čl 240 st. 1 tač 1 krivičnog zakonika,data\K - PRVOSTEPENI KRIVIČNI PREDMETI\presuda_text_10152.txt
264,u vezi sa čl 20 kz,data\K - PRVOSTEPENI KRIVIČNI PREDMETI\presuda_text_10152.txt
265,na štetu oštećene fabrike b.,data\K - PRVOSTEPENI KRIVIČNI PREDMETI\presuda_text_10152.txt
266,koje im je optužnicom stavljeno na teret.,data\K - PRVOSTEPENI KRIVIČNI PREDMETI\presuda_text_10152.txt
267,tako je na osnovu iskaza svjedoka r. m.,data\K - PRVOSTEPENI KRIVIČNI PREDMETI\presuda_text_10152.txt
268,utvrđeno da je čuo kucanje u fabrici „b.“ i da neko pokušava da odvali metalne djelove ograde,data\K - PRVOSTEPENI KRIVIČNI PREDMETI\presuda_text_10152.txt
269,nejasno je vidio situete dva lica.,data\K - PRVOSTEPENI KRIVIČNI PREDMETI\presuda_text_10152.txt
270,ova lica su iz kruga njegove fabrike pobjegli u pravcu fabrike „k.“ trčećim korakom,data\K - PRVOSTEPENI KRIVIČNI PREDMETI\presuda_text_10152.txt
271,trčao je sa njima,data\K - PRVOSTEPENI KRIVIČNI PREDMETI\presuda_text_10152.txt
272,ali nije mogao da ih stigne.,data\K - PRVOSTEPENI KRIVIČNI PREDMETI\presuda_text_10152.txt
273,na pretresu je istakao da optuženi ne liče na ta lica.,data\K - PRVOSTEPENI KRIVIČNI PREDMETI\presuda_text_10152.txt
274,takođe je na osnovu iskaza svjedoka n. a. utvrđeno,data\K - PRVOSTEPENI KRIVIČNI PREDMETI\presuda_text_10152.txt
275,da je dobio informaciju da se neko od nepoznatih lica kretalo u krugu fabrike,data\K - PRVOSTEPENI KRIVIČNI PREDMETI\presuda_text_10152.txt
276,obišli su teren i došli do mjesta gdje su videli da je prozor,data\K - PRVOSTEPENI KRIVIČNI PREDMETI\presuda_text_10152.txt
277,koji je bio zaštićen metalnom rešetkom provaljen,data\K - PRVOSTEPENI KRIVIČNI PREDMETI\presuda_text_10152.txt
278,na način što je metalna rešetka sklonjena sa istog.,data\K - PRVOSTEPENI KRIVIČNI PREDMETI\presuda_text_10152.txt
279,nije vidio nikog da se kreće u krugu fabrike i nije mu poznato da li je išta nestalo iz objekta.,data\K - PRVOSTEPENI KRIVIČNI PREDMETI\presuda_text_10152.txt
280,činjenica je da su optuženi iste večeri zatečeni u objektu „k.“,data\K - PRVOSTEPENI KRIVIČNI PREDMETI\presuda_text_10152.txt
281,koji se nalazi u neposrednoj blizini fabrike „b.“.,data\K - PRVOSTEPENI KRIVIČNI PREDMETI\presuda_text_10152.txt
282,tom prilikom je optuženi a. š. zatečen kako leži pored jedne od mašina i pored njega se nalazio bonsek koji mu je oduzet,data\K - PRVOSTEPENI KRIVIČNI PREDMETI\presuda_text_10152.txt
283,a optuženi b. h. se nalazio na mašini.,data\K - PRVOSTEPENI KRIVIČNI PREDMETI\presuda_text_10152.txt
284,optuženi a. š. je bio u alkoholisanom stanju u toj mjeri da nije mogao da stoji na nogama,data\K - PRVOSTEPENI KRIVIČNI PREDMETI\presuda_text_10152.txt
285,a što je utvrđeno na osnovu iskaza svjedoka n. s.,data\K - PRVOSTEPENI KRIVIČNI PREDMETI\presuda_text_10152.txt
286,v. b. i m. š.,data\K - PRVOSTEPENI KRIVIČNI PREDMETI\presuda_text_10152.txt
287,čak su u prvom momentu sumnjali da li je živ.,data\K - PRVOSTEPENI KRIVIČNI PREDMETI\presuda_text_10152.txt
288,na osnovu toga,data\K - PRVOSTEPENI KRIVIČNI PREDMETI\presuda_text_10152.txt
289,sud nije mogao zaključiti da su optuženi,data\K - PRVOSTEPENI KRIVIČNI PREDMETI\presuda_text_10152.txt
290,koji su pronađeni u objektu „k.“,data\K - PRVOSTEPENI KRIVIČNI PREDMETI\presuda_text_10152.txt
291,lica koja su iste večeri predhodno pokušala da izvrše krivično djelo na štetu fabrike „b.“.,data\K - PRVOSTEPENI KRIVIČNI PREDMETI\presuda_text_10152.txt
292,ovo iz razloga što je svjedok r. m. istakao da su lica koja je zatekao kako pokušavaju da odvale metalne djelove ograde pobjegla i on je trčao za njima i nije mogao da ih stigne,data\K - PRVOSTEPENI KRIVIČNI PREDMETI\presuda_text_10152.txt
293,a optuženi su po dolasku policije,data\K - PRVOSTEPENI KRIVIČNI PREDMETI\presuda_text_10152.txt
294,dakle u kratkom vremenskom intervalu zatečeni u „k.“,data\K - PRVOSTEPENI KRIVIČNI PREDMETI\presuda_text_10152.txt
295,u alkoholisanom stanju,data\K - PRVOSTEPENI KRIVIČNI PREDMETI\presuda_text_10152.txt
296,čak optuženi a. š. nije mogao da stoji i hoda,data\K - PRVOSTEPENI KRIVIČNI PREDMETI\presuda_text_10152.txt
297,pa nije ni logično da je predhodno mogao da bježi trčećim korakom.,data\K - PRVOSTEPENI KRIVIČNI PREDMETI\presuda_text_10152.txt
298,takođe je činjenica da je pored optuženog a. š. pronađen bonsek,data\K - PRVOSTEPENI KRIVIČNI PREDMETI\presuda_text_10152.txt
299,koji mu je oduzet,data\K - PRVOSTEPENI KRIVIČNI PREDMETI\presuda_text_10152.txt
300,sud na osnovu toga nije mogao zaključiti da su optuženi pokušali da izvrše krivično djelo bliže opisano pod stavom ii izreke presude,data\K - PRVOSTEPENI KRIVIČNI PREDMETI\presuda_text_10152.txt
301,s obzirom na stanje u kojem se nalazio optuženi a. š. i da vrata na kojima se navodno nalazio katanac,data\K - PRVOSTEPENI KRIVIČNI PREDMETI\presuda_text_10152.txt
302,po iskazu svjedoka v. b.,data\K - PRVOSTEPENI KRIVIČNI PREDMETI\presuda_text_10152.txt
303,nijesu mogla ni da se otvore.,data\K - PRVOSTEPENI KRIVIČNI PREDMETI\presuda_text_10152.txt
304,u konkretnom slučaju,data\K - PRVOSTEPENI KRIVIČNI PREDMETI\presuda_text_10152.txt
305,niko od svjedoka nije potvrdio da su upravo optuženi obili pomoćni objekat fabrike b.,data\K - PRVOSTEPENI KRIVIČNI PREDMETI\presuda_text_10152.txt
306,a kako sudu nijesu pruženi drugi dokazi u prilog tih navoda,data\K - PRVOSTEPENI KRIVIČNI PREDMETI\presuda_text_10152.txt
307,optužene je zbog nedostatka dokaza,data\K - PRVOSTEPENI KRIVIČNI PREDMETI\presuda_text_10152.txt
308,na osnovu čl 363 tač 3 zkp-a,data\K - PRVOSTEPENI KRIVIČNI PREDMETI\presuda_text_10152.txt
309,oslobodio od optužbe.,data\K - PRVOSTEPENI KRIVIČNI PREDMETI\presuda_text_10152.txt
310,osnovno državno tužilaštvo je istom optužnicom stavilo na teret optuženima a. š. i h. b.,data\K - PRVOSTEPENI KRIVIČNI PREDMETI\presuda_text_10152.txt
311,da su u isto vrijeme i na istom mjestu,data\K - PRVOSTEPENI KRIVIČNI PREDMETI\presuda_text_10152.txt
312,po prethodnom dogovoru,data\K - PRVOSTEPENI KRIVIČNI PREDMETI\presuda_text_10152.txt
313,"zajedno obili pomoćni objekat fabrike ""k."" i izvršili krivično djelo teška krađa u pokušaju iz čl 240 st. 1 tač 1 krivičnog zakonika",data\K - PRVOSTEPENI KRIVIČNI PREDMETI\presuda_text_10152.txt
314,u vezi sa čl 20. međutim,data\K - PRVOSTEPENI KRIVIČNI PREDMETI\presuda_text_10152.txt
315,odt berane gorica golubović,data\K - PRVOSTEPENI KRIVIČNI PREDMETI\presuda_text_10152.txt
316,u završnoj riječi je odustala od daljeg krivičnog gonjenja protiv optuženih a. š. i h. b.,data\K - PRVOSTEPENI KRIVIČNI PREDMETI\presuda_text_10152.txt
317,jer dokazima izvedenim na pretresima nije utvrdjena krivica optuženih.,data\K - PRVOSTEPENI KRIVIČNI PREDMETI\presuda_text_10152.txt
318,pošto je zastupnik javne optužbe,data\K - PRVOSTEPENI KRIVIČNI PREDMETI\presuda_text_10152.txt
319,u završnoj riječi,data\K - PRVOSTEPENI KRIVIČNI PREDMETI\presuda_text_10152.txt
320,odustao od optužbe,data\K - PRVOSTEPENI KRIVIČNI PREDMETI\presuda_text_10152.txt
321,protiv optuženih a. š. i b. h.,data\K - PRVOSTEPENI KRIVIČNI PREDMETI\presuda_text_10152.txt
322,a ovlašćeni predstavnik oštećenog nije preuzeo gonjenje,data\K - PRVOSTEPENI KRIVIČNI PREDMETI\presuda_text_10152.txt
323,sud je na osnovu člana 362 tač1 zkp-a,data\K - PRVOSTEPENI KRIVIČNI PREDMETI\presuda_text_10152.txt
324,odlučio kao u izreci presude pod stavom i. sa izloženog odlučeno je kao u izreci presude.,data\K - PRVOSTEPENI KRIVIČNI PREDMETI\presuda_text_10152.txt
325,a u odsustvu uredno pozvanog odt-a berane,data\K - PRVOSTEPENI KRIVIČNI PREDMETI\presuda_text_10153.txt
326,donio je i javno objavio dana 25.05.2011.godine p r e s u d u okrivljeni ž. b.,data\K - PRVOSTEPENI KRIVIČNI PREDMETI\presuda_text_10153.txt
327,od oca v. i majke s.,data\K - PRVOSTEPENI KRIVIČNI PREDMETI\presuda_text_10153.txt
328,rođen … godine,data\K - PRVOSTEPENI KRIVIČNI PREDMETI\presuda_text_10153.txt
329,gdje je i stalno nastanjen u selu p.,data\K - PRVOSTEPENI KRIVIČNI PREDMETI\presuda_text_10153.txt
330,otac dvoje djece,data\K - PRVOSTEPENI KRIVIČNI PREDMETI\presuda_text_10153.txt
331,srednjeg imovnog stanja,data\K - PRVOSTEPENI KRIVIČNI PREDMETI\presuda_text_10153.txt
332,neosuđivan oslobadja se od optužbe da je: kao odgovorno lice-direktor ad „b.“,data\K - PRVOSTEPENI KRIVIČNI PREDMETI\presuda_text_10153.txt
333,odbio da izvrši pravosnažnu i izvršnu sudsku odluku - presudu osnovnog suda u beranama p. br … od 21.07.2010. godine,data\K - PRVOSTEPENI KRIVIČNI PREDMETI\presuda_text_10153.txt
334,kojom je obavezan da oštećenom v. š.,data\K - PRVOSTEPENI KRIVIČNI PREDMETI\presuda_text_10153.txt
335,iz osnova naknade zarade,data\K - PRVOSTEPENI KRIVIČNI PREDMETI\presuda_text_10153.txt
336,kamate i troškova spora,data\K - PRVOSTEPENI KRIVIČNI PREDMETI\presuda_text_10153.txt
337,isplati ukupan iznos od 15.784.56 eura,data\K - PRVOSTEPENI KRIVIČNI PREDMETI\presuda_text_10153.txt
338,- čime bi izvršio krivično djelo neizvršenje sudske odluke iz čl 395 st.1 krivičnog zakonika.,data\K - PRVOSTEPENI KRIVIČNI PREDMETI\presuda_text_10153.txt
339,zastupnik javne optužbe,data\K - PRVOSTEPENI KRIVIČNI PREDMETI\presuda_text_10153.txt
340,nije pristupio na glavni pretres od 25.05.2011. godine,data\K - PRVOSTEPENI KRIVIČNI PREDMETI\presuda_text_10153.txt
341,iako je uredno pozvan,data\K - PRVOSTEPENI KRIVIČNI PREDMETI\presuda_text_10153.txt
342,pa je sud isti održao i zaključio u njegovom odsustvu,data\K - PRVOSTEPENI KRIVIČNI PREDMETI\presuda_text_10153.txt
343,na osnovu čl 453 st.1 zkp-a.,data\K - PRVOSTEPENI KRIVIČNI PREDMETI\presuda_text_10153.txt
344,koji je istakao,data\K - PRVOSTEPENI KRIVIČNI PREDMETI\presuda_text_10153.txt
345,da obzirom da je svjedok d. v. izjavio da je on izvršni direktor u ad b. u b. i nadležan za izvršenje pravosnažne presude,data\K - PRVOSTEPENI KRIVIČNI PREDMETI\presuda_text_10153.txt
346,da se ne prudružuje krivičnom gonjenju protiv okrivljenog,data\K - PRVOSTEPENI KRIVIČNI PREDMETI\presuda_text_10153.txt
347,niti postavlja imovinsko pravni zahtjev za naknadu štete.,data\K - PRVOSTEPENI KRIVIČNI PREDMETI\presuda_text_10153.txt
348,okrivljeni ž. b.,data\K - PRVOSTEPENI KRIVIČNI PREDMETI\presuda_text_10153.txt
349,u svojoj odbrani datoj tokom postupka,data\K - PRVOSTEPENI KRIVIČNI PREDMETI\presuda_text_10153.txt
350,negirao je izvršenje krivičnog djela i istakao da je predsjednik borda direktora firme „b.“ ad b.,data\K - PRVOSTEPENI KRIVIČNI PREDMETI\presuda_text_10153.txt
351,a izvršni direktor je d. v.,data\K - PRVOSTEPENI KRIVIČNI PREDMETI\presuda_text_10153.txt
352,koji je odgovoran za izvršenje sudskih odluka i za upravljanje u firmi.,data\K - PRVOSTEPENI KRIVIČNI PREDMETI\presuda_text_10153.txt
353,od njega je djelimično upoznat sa predmetom oštećenog,data\K - PRVOSTEPENI KRIVIČNI PREDMETI\presuda_text_10153.txt
354,a presuda mu nikada nije lično dostavljena,data\K - PRVOSTEPENI KRIVIČNI PREDMETI\presuda_text_10153.txt
355,iz razloga što ne postoji obaveza da mu se dostavlja.,data\K - PRVOSTEPENI KRIVIČNI PREDMETI\presuda_text_10153.txt
356,na pretresu je dodao sa mu se na teret optužbom stavlja iznos od 15.784,data\K - PRVOSTEPENI KRIVIČNI PREDMETI\presuda_text_10153.txt
357,a naknadnim uvidom u presudu,data\K - PRVOSTEPENI KRIVIČNI PREDMETI\presuda_text_10153.txt
358,utvrdio je da to nije ukupan iznos,data\K - PRVOSTEPENI KRIVIČNI PREDMETI\presuda_text_10153.txt
359,već da se radi o nekoj grešci i da je tuženi obavezan na iznos od 7.837,data\K - PRVOSTEPENI KRIVIČNI PREDMETI\presuda_text_10153.txt
360,kao i troškove postupka.,data\K - PRVOSTEPENI KRIVIČNI PREDMETI\presuda_text_10153.txt
361,nije odgovorno lice i smatra da svu odgovornost snosi izvršni direktor d. v. koji je u preduzeću zadužen za rad i radne odnose.,data\K - PRVOSTEPENI KRIVIČNI PREDMETI\presuda_text_10153.txt
362,u završnoj riječi je istakao,data\K - PRVOSTEPENI KRIVIČNI PREDMETI\presuda_text_10153.txt
363,da teza optužbe nije dokazana,data\K - PRVOSTEPENI KRIVIČNI PREDMETI\presuda_text_10153.txt
364,da je na nesumljiv način utvrđeno,data\K - PRVOSTEPENI KRIVIČNI PREDMETI\presuda_text_10153.txt
365,da okrivljeni nije direktor ad b. b.,data\K - PRVOSTEPENI KRIVIČNI PREDMETI\presuda_text_10153.txt
366,pa samim tim nije mogao da odbije da izvrši pravosnažnu presudu osnovnog suda u beranama,data\K - PRVOSTEPENI KRIVIČNI PREDMETI\presuda_text_10153.txt
367,pa je predložio da sud okrivljenog oslobodi od optužbe.,data\K - PRVOSTEPENI KRIVIČNI PREDMETI\presuda_text_10153.txt
368,sud je prihvatio odbranu okrivljenog da on nije izvršni direktor,data\K - PRVOSTEPENI KRIVIČNI PREDMETI\presuda_text_10153.txt
369,niti je njegova nadležnost izvršenje sudskih odluka,data\K - PRVOSTEPENI KRIVIČNI PREDMETI\presuda_text_10153.txt
370,a što je potkrijepljeno kazivanjem svjedoka d. v.,data\K - PRVOSTEPENI KRIVIČNI PREDMETI\presuda_text_10153.txt
371,oštećenog v. š.,data\K - PRVOSTEPENI KRIVIČNI PREDMETI\presuda_text_10153.txt
372,kao i statutom ad „ b.“,data\K - PRVOSTEPENI KRIVIČNI PREDMETI\presuda_text_10153.txt
373,iz b.. tako je na osnovu iskaza svjedoka d. v. utvrđeno,data\K - PRVOSTEPENI KRIVIČNI PREDMETI\presuda_text_10153.txt
374,da je od 2006. godine,data\K - PRVOSTEPENI KRIVIČNI PREDMETI\presuda_text_10153.txt
375,izvršni direktor „b.“ ad b.,data\K - PRVOSTEPENI KRIVIČNI PREDMETI\presuda_text_10153.txt
376,da je oštećeni bivši radnik ove firme i da je tražio 24 lična dohodka,data\K - PRVOSTEPENI KRIVIČNI PREDMETI\presuda_text_10153.txt
377,što mu je isplaćeno,data\K - PRVOSTEPENI KRIVIČNI PREDMETI\presuda_text_10153.txt
378,nakon čega mu je prestao radni odnos,data\K - PRVOSTEPENI KRIVIČNI PREDMETI\presuda_text_10153.txt
379,a preduzeće mu je ostalo dužno oko 800 €.,data\K - PRVOSTEPENI KRIVIČNI PREDMETI\presuda_text_10153.txt
380,nakon toga preduzeće je konstantno poslovalo sa gubitkom i žiro račun je uglavnom bio u blokadi čitavo vrijeme.,data\K - PRVOSTEPENI KRIVIČNI PREDMETI\presuda_text_10153.txt
381,nije mu poznato kako je došlo do predmetne presude,data\K - PRVOSTEPENI KRIVIČNI PREDMETI\presuda_text_10153.txt
382,obzirom da dug prema oštećenom ne može toliko iznositi i samo je trebalo u tom postupku istaći prigovor zastarelosti.,data\K - PRVOSTEPENI KRIVIČNI PREDMETI\presuda_text_10153.txt
383,pravosnažnu presudu ovoga suda p. br … od 21.07.2010. godine nije primio,data\K - PRVOSTEPENI KRIVIČNI PREDMETI\presuda_text_10153.txt
384,a tačno je da je u tom postupku zastupao b. ad b. i bio je na jednoj raspravi.,data\K - PRVOSTEPENI KRIVIČNI PREDMETI\presuda_text_10153.txt
385,kako je presuda postala pravosnažna i ko je istu primio,data\K - PRVOSTEPENI KRIVIČNI PREDMETI\presuda_text_10153.txt
386,nije mu poznato.,data\K - PRVOSTEPENI KRIVIČNI PREDMETI\presuda_text_10153.txt
387,na njegovom stolu u kancelariji,data\K - PRVOSTEPENI KRIVIČNI PREDMETI\presuda_text_10153.txt
388,jednog momenta pojavila ova presuda,data\K - PRVOSTEPENI KRIVIČNI PREDMETI\presuda_text_10153.txt
389,ali mu nije poznato ko je nju ostavio,data\K - PRVOSTEPENI KRIVIČNI PREDMETI\presuda_text_10153.txt
390,a tada je već bilo kasno da se ulaže žalba.,data\K - PRVOSTEPENI KRIVIČNI PREDMETI\presuda_text_10153.txt
391,kao izvršni direktor,data\K - PRVOSTEPENI KRIVIČNI PREDMETI\presuda_text_10153.txt
392,odgovoran je za izvršenje pravosnažnih sudskih odluka,data\K - PRVOSTEPENI KRIVIČNI PREDMETI\presuda_text_10153.txt
393,odnosno u obavezi je da odluku lično izvrši,data\K - PRVOSTEPENI KRIVIČNI PREDMETI\presuda_text_10153.txt
394,a okrivljeni je predsjednik odbora direktora.,data\K - PRVOSTEPENI KRIVIČNI PREDMETI\presuda_text_10153.txt
395,dodao je da je presudu mogao da izvrši i bez znanja okrivljenog,data\K - PRVOSTEPENI KRIVIČNI PREDMETI\presuda_text_10153.txt
396,ali je jedini uslov bio da žiro račun bude aktivan,data\K - PRVOSTEPENI KRIVIČNI PREDMETI\presuda_text_10153.txt
397,isti je bio u blokadi.,data\K - PRVOSTEPENI KRIVIČNI PREDMETI\presuda_text_10153.txt
398,da bi se pravosnažna sudska odluka izvršila dobrovoljnim putem,data\K - PRVOSTEPENI KRIVIČNI PREDMETI\presuda_text_10153.txt
399,njegova obaveza kao izvršnog direktora je bila da sačini nalog za isplatu,data\K - PRVOSTEPENI KRIVIČNI PREDMETI\presuda_text_10153.txt
400,ako ima novca u blagajni,data\K - PRVOSTEPENI KRIVIČNI PREDMETI\presuda_text_10153.txt
401,odnosno da sačini nalog za prenos,data\K - PRVOSTEPENI KRIVIČNI PREDMETI\presuda_text_10153.txt
402,ako ima sredstva na žiro računu.,data\K - PRVOSTEPENI KRIVIČNI PREDMETI\presuda_text_10153.txt
403,u to vrijeme novca u blagajni nije bilo,data\K - PRVOSTEPENI KRIVIČNI PREDMETI\presuda_text_10153.txt
404,a žiro račun je bio blokiran,data\K - PRVOSTEPENI KRIVIČNI PREDMETI\presuda_text_10153.txt
405,tako da nije mogao izdati nalog da se novčana sredstva isplate oštećenom.,data\K - PRVOSTEPENI KRIVIČNI PREDMETI\presuda_text_10153.txt
406,sud je prihvatio iskaz ovog svjedoka,data\K - PRVOSTEPENI KRIVIČNI PREDMETI\presuda_text_10153.txt
407,na osnovu kojeg je utvrđeno da je on kao izvršni direktor odgovoran je za izvršenje pravosnažnih sudskih odluka,data\K - PRVOSTEPENI KRIVIČNI PREDMETI\presuda_text_10153.txt
408,odnosno u obavezi je da odluku lično izvrši.,data\K - PRVOSTEPENI KRIVIČNI PREDMETI\presuda_text_10153.txt
409,na osnovu pravosnažne presude osnovnog suda u beranama p.br … od 21.07.2010. godine,data\K - PRVOSTEPENI KRIVIČNI PREDMETI\presuda_text_10153.txt
410,utvrđeno je da je tuženi „b.“ ad berane,data\K - PRVOSTEPENI KRIVIČNI PREDMETI\presuda_text_10153.txt
411,iz b. obavezan,data\K - PRVOSTEPENI KRIVIČNI PREDMETI\presuda_text_10153.txt
412,da tužiocu v. š.,data\K - PRVOSTEPENI KRIVIČNI PREDMETI\presuda_text_10153.txt
413,isplati iznos od 7.837,data\K - PRVOSTEPENI KRIVIČNI PREDMETI\presuda_text_10153.txt
414,kao i da mu naknadi troškove spora u iznosu od 710,data\K - PRVOSTEPENI KRIVIČNI PREDMETI\presuda_text_10153.txt
415,utvrđeno je da je izvšni povjerilac v. š.,data\K - PRVOSTEPENI KRIVIČNI PREDMETI\presuda_text_10153.txt
416,dana 06.11.2010. godine podnio predlog za izvršenje predmetne presude,data\K - PRVOSTEPENI KRIVIČNI PREDMETI\presuda_text_10153.txt
417,te da je sud dana 19.11.2010.godine,data\K - PRVOSTEPENI KRIVIČNI PREDMETI\presuda_text_10153.txt
418,donio rješenje o izvršenje i.br ….,data\K - PRVOSTEPENI KRIVIČNI PREDMETI\presuda_text_10153.txt
419,sud je prihvatio prednje dokaze,data\K - PRVOSTEPENI KRIVIČNI PREDMETI\presuda_text_10153.txt
420,na osnovu kojih je utvrdjeno,data\K - PRVOSTEPENI KRIVIČNI PREDMETI\presuda_text_10153.txt
421,da je pravosnažnom i izvršnom presudom utvrdjena obaveza ad b.,data\K - PRVOSTEPENI KRIVIČNI PREDMETI\presuda_text_10153.txt
422,da isplati oštećenom iznos od 7.837,data\K - PRVOSTEPENI KRIVIČNI PREDMETI\presuda_text_10153.txt
423,kao i troškove postupka u iznosu od 710,data\K - PRVOSTEPENI KRIVIČNI PREDMETI\presuda_text_10153.txt
424,te da je oštećeni,data\K - PRVOSTEPENI KRIVIČNI PREDMETI\presuda_text_10153.txt
425,obzirom da navedeno preduzeće nije izmirilo obavezu u ostavljenom roku,data\K - PRVOSTEPENI KRIVIČNI PREDMETI\presuda_text_10153.txt
426,pokrenuo postupak sudskog izvršenja,data\K - PRVOSTEPENI KRIVIČNI PREDMETI\presuda_text_10153.txt
427,te je donijeto rješenje o izvršenju 19.11.2010. godine.,data\K - PRVOSTEPENI KRIVIČNI PREDMETI\presuda_text_10153.txt
428,na osnovu statuta ad „b.“,data\K - PRVOSTEPENI KRIVIČNI PREDMETI\presuda_text_10153.txt
429,koji je donijela skupština akcionara ad „b.“,data\K - PRVOSTEPENI KRIVIČNI PREDMETI\presuda_text_10153.txt
430,na sjednici održanoj dana 06.05.2003.godine,data\K - PRVOSTEPENI KRIVIČNI PREDMETI\presuda_text_10153.txt
431,utvrđeno je da izvršni direktor nadležan za izvršavanje odluka odbora direktora i izvršava poslove iz nadležnosti radnih odnosa,data\K - PRVOSTEPENI KRIVIČNI PREDMETI\presuda_text_10153.txt
432,kao i druge poslove utvrđene statutom.,data\K - PRVOSTEPENI KRIVIČNI PREDMETI\presuda_text_10153.txt
433,sud je prihvatio prednji dokaz,data\K - PRVOSTEPENI KRIVIČNI PREDMETI\presuda_text_10153.txt
434,na osnovu kojeg je utvrđeno da je za izvršavanje pravosnažnih sudskih odluka iz radnih odnosa nadležan izvršni direktor,data\K - PRVOSTEPENI KRIVIČNI PREDMETI\presuda_text_10153.txt
435,izvedenim dokazima tokom postupka je utvrđeno da je izvršni direktor d. v.,data\K - PRVOSTEPENI KRIVIČNI PREDMETI\presuda_text_10153.txt
436,a ne okrivljeni.,data\K - PRVOSTEPENI KRIVIČNI PREDMETI\presuda_text_10153.txt
437,iako je u mogućnosti,data\K - PRVOSTEPENI KRIVIČNI PREDMETI\presuda_text_10153.txt
438,neće da mu isplati novac,data\K - PRVOSTEPENI KRIVIČNI PREDMETI\presuda_text_10153.txt
439,pokušavao je da naplati,data\K - PRVOSTEPENI KRIVIČNI PREDMETI\presuda_text_10153.txt
440,ali ga je okrivljeni vrijeđao i njega i državne organe.,data\K - PRVOSTEPENI KRIVIČNI PREDMETI\presuda_text_10153.txt
441,pokušavao je da se naplati i u izvršnom postupku,data\K - PRVOSTEPENI KRIVIČNI PREDMETI\presuda_text_10153.txt
442,ali okrivljeni to opstruira na različite načine.,data\K - PRVOSTEPENI KRIVIČNI PREDMETI\presuda_text_10153.txt
443,u teškom je materijalnom položaju,data\K - PRVOSTEPENI KRIVIČNI PREDMETI\presuda_text_10153.txt
444,struju nije platio dvije godine,data\K - PRVOSTEPENI KRIVIČNI PREDMETI\presuda_text_10153.txt
445,a postupanjem okrivljenog,data\K - PRVOSTEPENI KRIVIČNI PREDMETI\presuda_text_10153.txt
446,doveden je u težak položaj.,data\K - PRVOSTEPENI KRIVIČNI PREDMETI\presuda_text_10153.txt
447,nije mu platio doprinos,data\K - PRVOSTEPENI KRIVIČNI PREDMETI\presuda_text_10153.txt
448,pa njegovi drugovi primaju 90,data\K - PRVOSTEPENI KRIVIČNI PREDMETI\presuda_text_10153.txt
449,a on 30,data\K - PRVOSTEPENI KRIVIČNI PREDMETI\presuda_text_10153.txt
450,na pretresu je dodao da je odgovorno lice u ad „b.“ d. v.,data\K - PRVOSTEPENI KRIVIČNI PREDMETI\presuda_text_10153.txt
451,koji je izvršni direktor,data\K - PRVOSTEPENI KRIVIČNI PREDMETI\presuda_text_10153.txt
452,a koji mu je rekao da se on ništa ne pita,data\K - PRVOSTEPENI KRIVIČNI PREDMETI\presuda_text_10153.txt
453,te ako mu okrivljeni kaže,data\K - PRVOSTEPENI KRIVIČNI PREDMETI\presuda_text_10153.txt
454,da će on odluku izvršiti.,data\K - PRVOSTEPENI KRIVIČNI PREDMETI\presuda_text_10153.txt
455,sud je prihvatio iskaz oštećenog,data\K - PRVOSTEPENI KRIVIČNI PREDMETI\presuda_text_10153.txt
456,u svemu osim u dijelu da je okrivljeni odgovoran za neizvršenje presude,data\K - PRVOSTEPENI KRIVIČNI PREDMETI\presuda_text_10153.txt
457,te da mu je izvršni direktor kazao da se ništa ne pita i ako mu okrivljeni kaže,data\K - PRVOSTEPENI KRIVIČNI PREDMETI\presuda_text_10153.txt
458,da će on odluku izvršiti,data\K - PRVOSTEPENI KRIVIČNI PREDMETI\presuda_text_10153.txt
459,obzirom da je svjedok d. v. istakao,data\K - PRVOSTEPENI KRIVIČNI PREDMETI\presuda_text_10153.txt
460,da je on odgovoran za izvršenje sudskih odluka,data\K - PRVOSTEPENI KRIVIČNI PREDMETI\presuda_text_10153.txt
461,"a što je takođe utvrđeno iz statuta ad „b.""",data\K - PRVOSTEPENI KRIVIČNI PREDMETI\presuda_text_10153.txt
462,te okolnost da li je okrivljeni izvršnom direktoru kazao da izvrši ili ne izvrši odluku je irelevantna za činjenično utvrđenje,data\K - PRVOSTEPENI KRIVIČNI PREDMETI\presuda_text_10153.txt
463,jer predmetno krivično djelo može da izvrši samo odgovorno ili službeno lice,data\K - PRVOSTEPENI KRIVIČNI PREDMETI\presuda_text_10153.txt
464,a u konkretnom slučaju nije dokazano da je to okrivljeni.,data\K - PRVOSTEPENI KRIVIČNI PREDMETI\presuda_text_10153.txt
465,na osnovu ovako utvrđenog činjeničnog stanja,data\K - PRVOSTEPENI KRIVIČNI PREDMETI\presuda_text_10153.txt
466,sud nije mogao izvesti zaključak,data\K - PRVOSTEPENI KRIVIČNI PREDMETI\presuda_text_10153.txt
467,da je okrivljeni ž. b.,data\K - PRVOSTEPENI KRIVIČNI PREDMETI\presuda_text_10153.txt
468,izvršio krivično djelo neizvršenje sudske odluke iz čl 395 st. 1 kz-a,data\K - PRVOSTEPENI KRIVIČNI PREDMETI\presuda_text_10153.txt
469,koje mu je stavljeno na teret optužnim predlogom.,data\K - PRVOSTEPENI KRIVIČNI PREDMETI\presuda_text_10153.txt
470,na osnovu iskaza svjedoka d. v.,data\K - PRVOSTEPENI KRIVIČNI PREDMETI\presuda_text_10153.txt
471,utvrđeno je da je kao izvršni direktor odgovoran je za izvršenje pravosnažnih sudskih odluka,data\K - PRVOSTEPENI KRIVIČNI PREDMETI\presuda_text_10153.txt
472,odnosno u obavezi je da odluku lično izvrši,data\K - PRVOSTEPENI KRIVIČNI PREDMETI\presuda_text_10153.txt
473,a to može i bez znanja okrivljenog,data\K - PRVOSTEPENI KRIVIČNI PREDMETI\presuda_text_10153.txt
474,ali je jedini uslov bio da žiro račun bude aktivan.,data\K - PRVOSTEPENI KRIVIČNI PREDMETI\presuda_text_10153.txt
475,da bi se pravosnažna sudska odluka izvršila dobrovoljnim putem,data\K - PRVOSTEPENI KRIVIČNI PREDMETI\presuda_text_10153.txt
476,njegova obaveza kao izvršnog direktora je bila da sačini nalog za isplatu,data\K - PRVOSTEPENI KRIVIČNI PREDMETI\presuda_text_10153.txt
477,ako ima novca u blagajni,data\K - PRVOSTEPENI KRIVIČNI PREDMETI\presuda_text_10153.txt
478,odnosno da sačini nalog za prenos,data\K - PRVOSTEPENI KRIVIČNI PREDMETI\presuda_text_10153.txt
479,ako ima sredstva na žiro računu.,data\K - PRVOSTEPENI KRIVIČNI PREDMETI\presuda_text_10153.txt
480,u to vrijeme novca u blagajni nije bilo,data\K - PRVOSTEPENI KRIVIČNI PREDMETI\presuda_text_10153.txt
481,a žiro račun je bio blokiran.,data\K - PRVOSTEPENI KRIVIČNI PREDMETI\presuda_text_10153.txt
482,navode ovog svjedoka da je on izvršni direktor,data\K - PRVOSTEPENI KRIVIČNI PREDMETI\presuda_text_10153.txt
483,potvrdio je i oštećeni.,data\K - PRVOSTEPENI KRIVIČNI PREDMETI\presuda_text_10153.txt
484,takođe je na osnovu statuta b. ad b. utvrđeno,data\K - PRVOSTEPENI KRIVIČNI PREDMETI\presuda_text_10153.txt
485,da je izvršni direktor nadležan da izvršava poslove iz nadležnosti radnih odnosa.,data\K - PRVOSTEPENI KRIVIČNI PREDMETI\presuda_text_10153.txt
486,činjenica je da je b. ad b. pravosnažnom presudom osnovnog suda u beranama obavezan da oštećenom v. š.,data\K - PRVOSTEPENI KRIVIČNI PREDMETI\presuda_text_10153.txt
487,isplati iznos od 7.837,data\K - PRVOSTEPENI KRIVIČNI PREDMETI\presuda_text_10153.txt
488,kao i da mu naknadi troškove spora u iznosu od 710,data\K - PRVOSTEPENI KRIVIČNI PREDMETI\presuda_text_10153.txt
489,00 eura i da je oštećeni podnio predlog za izvršenje na osnovu pravosnažne presude,data\K - PRVOSTEPENI KRIVIČNI PREDMETI\presuda_text_10153.txt
490,te da je donijeto rješenje o izvršenju i. br … od 19.11.2010. godine,data\K - PRVOSTEPENI KRIVIČNI PREDMETI\presuda_text_10153.txt
491,a što je utvrđeno na osnovu pravosnažne presude osnovnog suda u beranama,data\K - PRVOSTEPENI KRIVIČNI PREDMETI\presuda_text_10153.txt
492,p.br … od 21.07.2010.godine,data\K - PRVOSTEPENI KRIVIČNI PREDMETI\presuda_text_10153.txt
493,predloga za izvršenje od 06.11.2010.godine i spisa predmeta osnovnog suda u beranama i.br … međutim,data\K - PRVOSTEPENI KRIVIČNI PREDMETI\presuda_text_10153.txt
494,prednji dokazi nijesu potvrdili tezu optužbe,data\K - PRVOSTEPENI KRIVIČNI PREDMETI\presuda_text_10153.txt
495,da je okrivljeni,data\K - PRVOSTEPENI KRIVIČNI PREDMETI\presuda_text_10153.txt
496,kao odgovorno lice,data\K - PRVOSTEPENI KRIVIČNI PREDMETI\presuda_text_10153.txt
497,odbio da izvrši pravosnažnu i izvršnu sudsku odluku.,data\K - PRVOSTEPENI KRIVIČNI PREDMETI\presuda_text_10153.txt
498,krivično djelo neizvršenje sudske odluke,data\K - PRVOSTEPENI KRIVIČNI PREDMETI\presuda_text_10153.txt
499,sastoji se u odbijanju da se izvrši pravosnažna i izvršna sudska odluka.,data\K - PRVOSTEPENI KRIVIČNI PREDMETI\presuda_text_10153.txt
500,odbijanje je izričito stavljanje do znanja da se sudska odluka neće izvršiti.,data\K - PRVOSTEPENI KRIVIČNI PREDMETI\presuda_text_10153.txt
501,bitno je da službeno ili odgovorno lice,data\K - PRVOSTEPENI KRIVIČNI PREDMETI\presuda_text_10153.txt
502,koje je nadležno za izvršenje odluke,data\K - PRVOSTEPENI KRIVIČNI PREDMETI\presuda_text_10153.txt
503,nedvosmisleno stavi do znanja da to neće da uradi.,data\K - PRVOSTEPENI KRIVIČNI PREDMETI\presuda_text_10153.txt
504,na osnovu izvedenih dokaza na glavnom pretresu,data\K - PRVOSTEPENI KRIVIČNI PREDMETI\presuda_text_10153.txt
505,sud nije mogao izvesti takav zaključak,data\K - PRVOSTEPENI KRIVIČNI PREDMETI\presuda_text_10153.txt
506,jer je svjedok d. v. istakao da je njegova nadležnost izvršenje sudskih odluka,data\K - PRVOSTEPENI KRIVIČNI PREDMETI\presuda_text_10153.txt
507,a što je i oštećeni potvrdio.,data\K - PRVOSTEPENI KRIVIČNI PREDMETI\presuda_text_10153.txt
508,nije dokazano da je nadležnost okrivljenog da izvršava sudske odluke,data\K - PRVOSTEPENI KRIVIČNI PREDMETI\presuda_text_10153.txt
509,a takođe ni da je isti,data\K - PRVOSTEPENI KRIVIČNI PREDMETI\presuda_text_10153.txt
510,bilo kojom radnjom odbio da odluku izvrši.,data\K - PRVOSTEPENI KRIVIČNI PREDMETI\presuda_text_10153.txt
511,kako izvedenim dokazima nije dokazano da je okrivljeni ž. b. izvršio predmetno krivično djelo,data\K - PRVOSTEPENI KRIVIČNI PREDMETI\presuda_text_10153.txt
512,sud ga je,data\K - PRVOSTEPENI KRIVIČNI PREDMETI\presuda_text_10153.txt
513,na osnovu čl 363 tač 3 zkp-a,data\K - PRVOSTEPENI KRIVIČNI PREDMETI\presuda_text_10153.txt
514,oslobodio od optužbe.,data\K - PRVOSTEPENI KRIVIČNI PREDMETI\presuda_text_10153.txt
